{
  "en": {
    "website_title": "Ayasa Development & Implementation",
    "am": "ՀԱՅ",
    "en": "ENG",
    "phone_number": "+374 99 88 02 60",
    "expert_women": "Maraim Harutyunyan",
    "desc_women": "Marketing and Human Capital Management Expert",
    "expert_men": "Vahan Kerobyan",
    "desc_men": "Strategic Growth and Innovation Management Expert",
    "info_title": "We’ll help you to create the best business in your field",
    "info_desc": "The inception of Ayasa Strategy is rooted in a strong commitment to Armenia's economic and social development. Vahan Kerobyan and Mariam Harutyunyan, with decades of experience in economic planning, strategic growth, marketing, and human capital management, have united to form a unique consulting firm.",
    "get_btn": "GET IN TOUCH",
    "first_title": "Sharing Extensive Experience",
    "first_description": "<b>Vahan Kerobyan </b>and <b>Mariam Harutyunyan</b> bring a wealth of knowledge in developing Armenia's business environment.They are <b>eager to use their expertise to help businesses</b> overcome challenges and achieve sustainable growth.",
    "second_title": "Strengthening Armenia",
    "second_description": "Both leaders are <b>devoted to their country's prosperity.</b> By empowering businesses with strategic insights and innovative solutions, they aim to contribute to a <b>stronger and more developed Armenia.</b>",
    "third_title": "Responding to Demand",
    "third_description": "<b>Numerous requests</b> from businesses and entrepreneurs <b>for guidance on growth,</b> leadership development, and team building highlighted the need for dedicated consulting. <b>Driven by a sense of social responsibility,</b> Ayasa Strategy was established to meet this demand, providing tailored solutions to foster robust business environment.",
    "blocks_section_title": "WHY?",
    "goal_section_title": "AYASA GOAL",
    "ayasa_description": "Ayasa goal is to deliver exceptional consulting and implementation services that drive lasting success or our clients.",
    "meet_text": "MEET",
    "management_man_name": "VAHAN KEROBYAN",
    "management_woman_name": "Mariam Harutyunyan",
    "management_man_description": "Strategic Growth and Innovation Management Expert",
    "management_woman_description": "Marketing and Human Capital Management Expert",
    "position_key": "Key positions:",
    "first_date": "Nov 2020 – Feb 2024",
    "first_position_info": "Minister of Economy of the Republic of Armenia",
    "second_date": "Oct 2012 – Sep 2020",
    "second_position_info": "Founder, Chairman of the Board of Directors, and Chief Executive Officer at Menu Group",
    "third_date": "May 2004 – Aug 2012",
    "third_position_info": "Chief Executive Officer at Star Trade Chain",
    "goal_section_link": "APPLY TO COOPERATION",
    "info_man_description": "With more than two decades of leadership in various sectors,  Vahan Kerobyan hasextensive experience in <b>Economic Growth, International Trading, Strategic Planning, Business Development and Innovation Management.</b> <br/> <br/> His tenure as <b>Armenia's Minister of Economy </b> was marked by significant economic reforms and successful investment initiatives <br/> <br/>  Previously, as <b>Founder and CEO of Menu Group,</b> he demonstrated strong entrepreneurial and business growth skills, propelling the company to become a market leader <br/> <br/>  His previous position as <b>CEO of Star Trade Chain </b> sparked significant growth in the retail industry through the continued implementation of cutting-edge solutions based on in-depth knowledge of international experience. <br/> <br/> Vahan Kerobyan's experience includes attracting and managing investments, managing risks and driving digital transformation. Using his extensive knowledge and innovative approach, <b>he helps businesses increase productivity and achieve sustainable growth </b>",
    "info_woman_description": "With 20 years in Marketing and 8 years in Human Capital Management, offers a unique blend of services in <b>Leadership Selection and TalentDevelopment Management, Strategic HRM, Executive Coaching, as well as Business Process Management.</b> </br> </br> Mariam Harutyunyan's expertise integrates advanced HR tools with Marketing Strategies, <b> ensuring tailored solutions for Organizational Growth.</b> </br> </br> By focusing on behavioral strategies and personal talent development, <b>she helps build strong leadership and motivated teams,</b> driving success and fostering a positive workplace culture. </br> </br> Since 2020, has been engaged in Сonsulting and Implementation of Solutions in Human Capital Management and Strategic Marketing fields as an <b>Independent Expert</b> for different projects.",
    "success_result": "Success!",
    "success_description": "Thank you, your message was successfully sent lorem ipsum dolor. <br> </br> Our specialist will call you back in a few minutes",
    "error_result": "Error!",
    "error_description": "Oops! Something went wrong! <br> </br> Please try again later",
    "woman_first_date": "Sep 2021 – Jun 2024",
    "woman_first_position": "Strategic HRM External Expert at Vbet Group",
    "woman_second_date": "Nov 2012 – Present",
    "woman_second_position": "Strategic HRM External Expert at Vbet Group",
    "woman_third_date": "Oct 2012 – Jul 2020",
    "woman_third_position": "Co-founder, Board Member, and CMO at Menu Group",
    "woman_fourth_date": "Nov 2008 – Oct 2012",
    "woman_fourth_position": "Marketing Director at Star Trade Chain",
    "title_section": "Service Areas",
    "info_top_title": "WHY US?",
    "info_top_description": "In every project, we apply our core and distinctive approaches to team dynamics and project execution:",
    "top_first_title": "Tailored Team Selection:",
    "top_first_description": "We meticulously select team members whose experience and expertise are directly relevant to the project's requirements, ensuring top-level professional competence and sector-specific knowledge.",
    "top_second_title": "Integration of Client Employees:",
    "top_second_description": "We actively integrate internal company employees into our project teams. This approach leverages their existing knowledge and experience while providing invaluable opportunities for their learning and development.",
    "top_third_title": "Capacity Building:",
    "top_third_description": "By fostering collaboration between our experts and the client’s staff, we enhance the overall capacity of the client’s organization, ensuring sustained growth and improvement even after our engagement concludes.",
    "info_middle_title": "COOPERATION MECHANISMS",
    "info_middle_description": "We offer flexible cooperation formats to meet the diverse needs of our clients. Our primary cooperation mechanisms include:",
    "middle_first_title": "Consulting:",
    "middle_first_description": "We provide expert consulting services across all areas and services we offer. Our consulting approach is tailored to address the unique challenges and opportunities faced by each client, ensuring strategic insights and actionable recommendations.",
    "middle_second_title": "Implementation of Solutions::",
    "middle_second_description": "Our implementation services are designed to bring our consulting recommendations to life. The feasibility of outsourcing solution implementation depends on various factors such as the relevance of outsourcing for the specific area, the nature of the service provided, the availability of the client’s own staff, and other contextual aspects. We ensure that our implementation strategies are aligned with the client’s goals and capabilities.:",
    "info_bottom_title": "ARE YOU INTERESTED? CONTACT US AND LET'S START WORK TOGETHER!",
    "contact_btn": "CONTACT NOW",
    "message_link": "ayasa.am@gmail.com",
    "call_link": "+374 99 88 02 60",
    "developer_text": " Design and Development",
    "popup_text": "Let’s work together!",
    "popup_info": "Please fill in the fields below and we’ll call you back as soon as possible to discuss our future cooperation!",
    "send_message": "SEND MESSAGE",
    "back_to_site": "Back to site",
    "error_hint": "mandatory field",
    "individual_hint": "wrong email",
    "mail_placeholder": "E-mail",
    "First_name_placeholder": "First Name",
    "Last_name_placeholder": "Last Name",
    "phone_placeholder": "Contact Phone",
    "textarea_placeholder": "Your message",
    "select_lang": "ENG",
    "first_block_content": "<li>Developing strategies to attract foreign and local investment.</li> <li>Development of investment proposals and presentations for investors</li>",
    "second_block_content": "<li>Development and implementation of strategic plans for business growth and development.</li> <li>Analysis and forecasting of economic indicators affecting business.</li>",
    "third_block_content": " <li>Consulting on the implementation of digital technologies</li> <li>Development and implementation of IT strategies to optimize business processes.</li>",
    "fourth_block_content": "<li> Identification and assessment of business risks.</li> <li>Development and implementation of risk management and crisis management strategies.</li>",
    "fifth_block_content": "<li>Support and development of innovative projects and startups.</li><li>Consulting on the implementation of new technologies and innovations in business.</li>",
    "sixth_block_content": "<li> Analysis and optimization of current business processes.</li><li>Implementation of methods to increase productivity and reduce costs.</li>",
    "seventh_block_content": "<li> Consulting on planning and implementation of infrastructure projects.</li><li>Management of large projects and programs, including fundraising and resource coordination</li>",
    "first_block_title": "Attracting investments:",
    "first_content": "<li>Developing strategies to attract foreign and local investment.</li><li>Development of investment proposals and presentations for investors</li>",
    "second_block_title": "Strategic planning and consulting:",
    "second_content": "<li>Development and implementation of strategic plans for business growth and development.</li><li>Analysis and forecasting of economic indicators affecting business.</li>",
    "third_block_title": "Digital business transformation:",
    "third_content": "<li>Consulting on the implementation of digital technologies</li><li>Development and implementation of IT strategies to optimize business processes.</li>",
    "fourth_block_title": "Risk management and crisis management:",
    "fourth_content": "<li>Identification and assessment of business risks.</li><li>Development and implementation of risk management and crisis management strategies.</li>",
    "fifth_block_title": "Innovation and technological development:",
    "fifth_content": "<li>Support and development of innovative projects and startups.</li><li>Support and development of innovative projects and startups.</li>",
    "sixth_block_title": "Optimizing business processes and increasing productivity:",
    "sixth_content": "<li> Analysis and optimization of current business processes.</li><li>Implementation of methods to increase productivity and reduce costs.</li>",
    "seventh_block_title": "Infrastructure development and project management:",
    "seventh_content": "<li> Consulting on planning and implementation of infrastructure projects.</li><li>Management of large projects and programs, including fundraising and resource coordination</li>",
    "eighth_block_title": "Talent Management:",
    "eighth_content": "<li>Identify, assess, and develop high-potential employees and leaders.</li><li>Create succession plans and retention strategies.</li>",
    "tenth_block_title": "Performance Management:",
    "tenth_content": "<li>Implement performance reviews</li><li>Ensure accurate job descriptions and provide targeted training.</li>",
    "eleventh_block_title": "Talent Acquisition and Onboarding:",
    "eleventh_content": "<li>Optimize recruitment strategies and onboarding processes.</li><li>Leadership Selection Management</li>",
    "twelfth_block_title": "Business Process Management:",
    "twelfth_content": "<li>Analyze and optimize business processes</li><li>Implement process improvement strategies</li>",
    "thirteenth_block_title": "Organizational Development:",
    "thirteenth_content": "<li>Manage organizational changes and culture development.</li><li>Align strategic planning with team-building initiatives.</li><li>Develop and update HR policies.</li>",
    "fourteenth_block_title": "Employee Engagement and Satisfaction:",
    "fourteenth_content": "<li>Enhance communication and implement recognition programs.</li><li>Implement feedback mechanisms </li>",
    "fifteenth_block_title": "Technology and Tools:",
    "fifteenth_content": "<li>Implement or upgrade HR Information Systems (HRIS).</li><li>Utilize automation and analytics tools.</li>",
    "show_more": "SHOW MORE",
    "show_less": "SHOW LESS"
  },
  "hy": {
    "website_title": "Ayasa Development & Implementation",
    "am": "ՀԱՅ",
    "en": "ENG",
    "phone_number": "+374 99 88 02 60",
    "expert_women": "Մարիամ Հարությունյան",
    "desc_women": "Մարքեթինգի և մարդկային կապիտալի կառավարման փորձագետ",
    "expert_men": "Վահան Կերոբյան",
    "desc_men": "Ռազմավարական աճի և նորարարության կառավարման փորձագետ",
    "info_title": "Մենք կօգնենք ձեզ ստեղծել ձեր ոլորտում լավագույն բիզնեսը",
    "info_desc": "Այասայի ռազմավարության սկիզբը հիմնված է Հայաստանի տնտեսական և սոցիալական զարգացմանն ուղղված ամուր հանձնառության վրա: Տնտեսական պլանավորման, ռազմավարական աճի, մարքեթինգի և մարդկային կապիտալի կառավարման ոլորտում տասնամյակների փորձ ունեցող Վահան Քերոբյանը և Մարիամ Հարությունյանը միավորվել են՝ ձևավորելով յուրահատուկ խորհրդատվական ընկերություն։",
    "get_btn": "ԿԱՊԵՔ",
    "blocks_section_title": "ԻՆՉՈՒ",
    "first_title": "Մեծ փորձի փոխանակում",
    "first_dscription": "Վահան Քերոբյանը և Մարիամ Հարությունյանը հարուստ գիտելիքներ են բերում Հայաստանի գործարար միջավայրը զարգացնելու համար: Նրանք ցանկանում են օգտագործել իրենց փորձը՝ օգնելու բիզնեսին հաղթահարել մարտահրավերները և հասնել կայուն աճի:",
    "second_title": "Հայաստանի հզորացում",
    "second_description": "Երկու ղեկավարներն էլ նվիրված են իրենց երկրի բարգավաճմանը: Հզորացնելով բիզնեսներին ռազմավարական պատկերացումներով և նորարարական լուծումներով՝ նրանք նպատակ ունեն նպաստել ավելի ուժեղ և զարգացած Հայաստանին:",
    "third_title": "Պատասխանելով պահանջարկին",
    "third_description": "Բիզնեսների և ձեռնարկատերերի կողմից աճի, առաջնորդության զարգացման և թիմի ստեղծման վերաբերյալ ուղղորդման բազմաթիվ խնդրանքներ ընդգծեցին նվիրված խորհրդատվության անհրաժեշտությունը: Սոցիալական պատասխանատվության զգացումից դրդված՝ Ayasa Strategy-ը ստեղծվել է այս պահանջը բավարարելու համար՝ տրամադրելով հարմարեցված լուծումներ՝ խթանելու ամուր բիզնես միջավայր:",
    "goal_section_title": "ԱՅԱՍԱ ԳՈԼ",
    "ayasa_description": "Ayasa-ի նպատակն է մատուցել բացառիկ խորհրդատվական և ներդրումային ծառայություններ, որոնք երկարատև հաջողություն են բերում մեր հաճախորդներին:",
    "meet_text": "ՀԱՆԴԻՊԵԼ",
    "management_man_name": "ՎԱՀԱՆ ԿԵՐՈԲՅԱՆ",
    "management_man_description": "Ռազմավարական աճի և նորարարության կառավարման փորձագետ",
    "management_woman_name":"Մարիամ Հարությունյան ",
    "management_woman_description":"Մարքեթինգի և մարդկային կապիտալի կառավարման փորձագետ",
    "woman_first_date":"2021 թվականի սեպտեմբեր – 2024 թվականի հունիս",
    "woman_first_position":"Ռազմավարական HRM արտաքին փորձագետ Vbet Group-ում",
    "woman_second_date":"նոյ 2012 – մինչ օրս",
    "woman_second_position":"Ռազմավարական HRM արտաքին փորձագետ Vbet Group-ում",
    "woman_third_date":"2012 թվականի հոկտեմբեր - 2020 թվականի հուլիս",
    "woman_third_position":"Menu Group-ի համահիմնադիր, խորհրդի անդամ և CMO",
    "woman_fourth_date":"նոյ 2008 - հոկտեմբեր 2012",
    "woman_fourth_position":"Marketing Director at Star Trade Chain",
    "info_woman_description":"«20 տարի մարքեթինգում և 8 տարի մարդկային կապիտալի կառավարման ոլորտում՝ առաջարկում է ծառայությունների յուրահատուկ խառնուրդ <b>Առաջնորդների ընտրության և տաղանդների զարգացման կառավարման, ռազմավարական HRM-ի, գործադիր քոուչինգի, ինչպես նաև բիզնես գործընթացների կառավարման ոլորտում:</b> </br><br> > </br> Մարիամ Հարությունյանի փորձը ինտեգրում է առաջադեմ HR գործիքները մարքեթինգային ռազմավարությունների հետ՝ <b> ապահովելով կազմակերպչական աճի համար հարմարեցված լուծումներ:</b> </br> </br> Կենտրոնանալով վարքային ռազմավարությունների և անձնական տաղանդների զարգացման վրա, <b> >նա օգնում է ուժեղ ղեկավարության և մոտիվացված թիմերի ստեղծմանը, հաջողության հասնելու և աշխատավայրում դրական մշակույթ խթանելու համար </br> </br> 2020 թվականից ի վեր զբաղվում է մարդկային կապիտալի կառավարման և ռազմավարական շուկայավարման լուծումների խորհրդատվությամբ և ներդրմամբ: դաշտերը որպես <b>Անկախ փորձագետ</b> տարբեր նախագծերի համար»:",
    "position_key": "Հիմնական դիրքեր:",
    "first_date": "նոյ 2020 - փետր 2024",
    "first_position_info": "Հայաստանի Հանրապետության էկոնոմիկայի նախարար",
    "second_date": "Oct 2012 – Sep 2020",
    "second_position_info": "Menu Group-ի հիմնադիր, տնօրենների խորհրդի նախագահ և գլխավոր գործադիր տնօրեն",
    "third_date": "մայիս 2004 - օգոստոս 2012",
    "third_position_info": "Star Trade Chain-ի գլխավոր գործադիր տնօրեն",
    "info_man_description": "Տարբեր ոլորտներում ավելի քան երկու տասնամյակ ղեկավարած Վահան Քերոբյանն ունի մեծ փորձ <b>Տնտեսական աճի, միջազգային առևտրի, ռազմավարական պլանավորման, բիզնեսի զարգացման և նորարարությունների կառավարման ոլորտում:</b> <br/> <br/> Նրա պաշտոնավարումը որպես <br/> b>Հայաստանի էկոնոմիկայի նախարարը </b> նշանավորվեց զգալի տնտեսական բարեփոխումներով և հաջող ներդրումային նախաձեռնություններով <br/> <br/> Նախկինում, որպես <b>Menu Group-ի հիմնադիր և գործադիր տնօրեն</b>, նա դրսևորեց ուժեղ ձեռնարկատիրական և բիզնեսի աճի հմտություններ, որոնք ընկերությանը մղում են դառնալու շուկայի առաջատար <br/> <br/> Նրա նախկին պաշտոնը որպես <b>Star Trade Chain-ի գործադիր տնօրեն</b> զգալի աճ է առաջացրել մանրածախ արդյունաբերության մեջ` կրճատումների շարունակական իրականացման միջոցով: միջազգային փորձի խորը գիտելիքների վրա հիմնված եզրային լուծումներ: <br/> <br/> Վահան Քերոբյանի փորձը ներառում է ներդրումների ներգրավում և կառավարում, ռիսկերի կառավարում և թվային փոխակերպման խթանում։ Օգտագործելով իր լայնածավալ գիտելիքները և նորարարական մոտեցումը՝ <b>նա օգնում է բիզնեսին բարձրացնել արտադրողականությունը և հասնել կայուն աճի </b>»:",
    "goal_section_link":"ԴԻՄԵԼ ՀԱՄԱԳՈՐԾԱԿՑՈՒԹՅԱՆ",
    "title_section":"Սպասարկման տարածքներ",
    "first_block_title": "Ներդրումների ներգրավում",
    "first_content": "<li>Օտարերկրյա և տեղական ներդրումներ ներգրավելու ռազմավարությունների մշակում:</li><li>Ներդրումային առաջարկների և ներկայացումների մշակում ներդրողների համար<li>",
    "second_block_title": "Ռազմավարական պլանավորում և խորհրդատվություն.",
    "second_content": "<li>Բիզնեսի աճի և զարգացման ռազմավարական պլանների մշակում և իրականացում:</li><li>Բիզնեսի վրա ազդող տնտեսական ցուցանիշների վերլուծություն և կանխատեսում:</li>",
    "third_block_title": "Թվային բիզնեսի վերափոխում.",
    "third_content": "<li>Խորհրդատվություն թվային տեխնոլոգիաների ներդրման վերաբերյալ</li><li>Բիզնես գործընթացների օպտիմալացման համար ՏՏ ռազմավարությունների մշակում և իրականացում:</li>",
    "fourth_block_title": "Ռիսկերի կառավարում և ճգնաժամային կառավարում.",
    "fourth_content": "<li>Բիզնեսի ռիսկերի բացահայտում և գնահատում:</li><li>Ռիսկերի կառավարման և ճգնաժամային կառավարման ռազմավարությունների մշակում և իրականացում:</li>",
    "fifth_block_title": "Նորարարություն և տեխնոլոգիական զարգացում.",
    "fifth_content": "<li>Նորարարական նախագծերի և ստարտափների աջակցություն և զարգացում։</li><li>Նորարարական նախագծերի և ստարտափների աջակցություն և զարգացում։</li>",
    "sixth_block_title": "Բիզնես գործընթացների օպտիմալացում և արտադրողականության բարձրացում.",
    "sixth_content": "<li>Ընթացիկ բիզնես գործընթացների վերլուծություն և օպտիմալացում:</li><li>Արտադրողականությունը բարձրացնելու և ծախսերը նվազեցնելու մեթոդների ներդրում:</li>",
    "seventh_block_title": "Ենթակառուցվածքների զարգացում և նախագծերի կառավարում.",
    "seventh_content": "<li>Ենթակառուցվածքային նախագծերի պլանավորման և իրականացման վերաբերյալ խորհրդատվություն:</li><li>Խոշոր նախագծերի և ծրագրերի կառավարում, ներառյալ դրամահավաքը և ռեսուրսների համակարգումը</li>",
    "eighth_block_title": "Տաղանդների կառավարում.",
    "eighth_content": "<li>Բացահայտեք, գնահատեք և զարգացրեք բարձր պոտենցիալ ունեցող աշխատակիցներին և առաջնորդներին:</li><li>Ստեղծեք իրավահաջորդության պլաններ և պահպանման ռազմավարություններ:</li>",
    "tenth_block_title": "Կատարման կառավարում.",
    "tenth_content": "<li>Իրականացնել կատարողականի ակնարկներ</li><li>Ապահովել աշխատանքի ճշգրիտ նկարագրությունները և տրամադրել նպատակային ուսուցում:</li>",
    "eleventh_block_title": "Տաղանդների ձեռքբերում և ներդրում.",
    "eleventh_content": "<li>Օպտիմալացնել հավաքագրման ռազմավարությունները և ներբեռնման գործընթացները:</li><li>Առաջնորդության ընտրության կառավարում</li>",
    "twelfth_block_title": "Բիզնես գործընթացների կառավարում.",
    "twelfth_content": "<li>Վերլուծել և օպտիմալացնել բիզնես գործընթացները</li><li>Գործընթացի բարելավման ռազմավարությունների իրականացում</li>",
    "thirteenth_block_title": "Կազմակերպչական զարգացում.",
    "thirteenth_content": "<li>Կառավարեք կազմակերպչական փոփոխությունները և մշակույթի զարգացումը:</li><li>Համապատասխանեցրեք ռազմավարական պլանավորումը թիմային նախաձեռնությունների հետ:</li><li>Մշակել և թարմացնել HR քաղաքականությունը:</li>",
    "fourteenth_block_title": "Աշխատակիցների ներգրավվածություն և բավարարվածություն.",
    "fourteenth_content": "<li>Ընդլայնել հաղորդակցությունը և իրականացնել ճանաչման ծրագրեր:</li><li>Իրականացնել հետադարձ կապի մեխանիզմներ</li>",
    "fifteenth_block_title": "Տեխնոլոգիա և գործիքներ.",
    "fifteenth_content": "<li>Իրականացնել կամ կատարելագործել HR տեղեկատվական համակարգերը (HRIS):</li><li>Օգտագործեք ավտոմատացման և վերլուծական գործիքներ:</li>",
    "info_top_title":"ԻՆՉՈՒ ՄԵԶ.",
    "info_top_description":"Յուրաքանչյուր նախագծում մենք կիրառում ենք մեր հիմնական և տարբերակիչ մոտեցումները թիմի դինամիկայի և նախագծի իրականացման համար.",
    "top_first_title":"Հարմարեցված թիմի ընտրություն.",
    "top_first_description":"Մենք մանրակրկիտ ընտրում ենք թիմի անդամներին, որոնց փորձն ու փորձը անմիջականորեն կապված են ծրագրի պահանջներին՝ ապահովելով բարձր մակարդակի մասնագիտական ​​իրավասություն և ոլորտին առնչվող գիտելիքներ:",
    "top_second_title":"Հաճախորդների աշխատակիցների ինտեգրում.",
    "top_second_description":"Մենք ակտիվորեն ինտեգրում ենք ընկերության ներքին աշխատակիցներին մեր նախագծային թիմերում: Այս մոտեցումը օգտագործում է նրանց առկա գիտելիքներն ու փորձը՝ միաժամանակ անգնահատելի հնարավորություններ ընձեռելով նրանց ուսման և զարգացման համար:",
    "top_third_title":"Կարողությունների զարգացում",
    "top_third_description":"By fostering collaboration between our experts and the client’s staff, we enhance the overall capacity of the client’s organization, ensuring sustained growth and improvement even after our engagement concludes.",
    "info_middle_title":"ՀԱՄԱԳՈՐԾԱԿՑՈՒԹՅԱՆ ՄԵԽԱՆԻԶՄՆԵՐ",
    "info_middle_description":"Մենք առաջարկում ենք համագործակցության ճկուն ձևաչափեր՝ մեր հաճախորդների բազմազան կարիքները բավարարելու համար: Մեր համագործակցության առաջնային մեխանիզմները ներառում են.",
    "middle_first_title":"Խորհրդատվություն.",
    "middle_first_description":"Մենք տրամադրում ենք փորձագիտական ​​խորհրդատվական ծառայություններ մեր կողմից առաջարկվող բոլոր ոլորտներում և ծառայություններում: Մեր խորհրդատվական մոտեցումը հարմարեցված է յուրաքանչյուր հաճախորդի առջև ծառացած եզակի մարտահրավերներին և հնարավորություններին՝ ապահովելով ռազմավարական պատկերացումներ և գործող առաջարկություններ:",
    "middle_second_title":"Լուծումների իրականացում.",
    "middle_second_description":"Մեր ներդրման ծառայությունները նախատեսված են մեր խորհրդատվական առաջարկությունները կյանքի կոչելու համար: Աութսորսինգի լուծման իրագործելիությունը կախված է տարբեր գործոններից, ինչպիսիք են աութսորսինգի համապատասխանությունը կոնկրետ տարածքի համար, մատուցվող ծառայության բնույթը, հաճախորդի սեփական անձնակազմի առկայությունը և այլ համատեքստային ասպեկտներ: Մենք ապահովում ենք, որ մեր իրականացման ռազմավարությունները համահունչ լինեն հաճախորդի նպատակներին և հնարավորություններին:",
    "info_bottom_title":"ՀԵՏԱՔՐՔՐՎԱԾ Ե՞Ս: ԿԱՊԵՔ ՄԵԶ ԵՎ ՍԿՍԵՆՔ ՄԻԱՍԻՆ ԱՇԽԱՏԵԼ:",
    "contact_btn":"ԿԱՊ ՀԻՄԱ",
    "show_more": "ՏԵՍՆԵԼ ԱՎԵԼԻՆ",
    "show_less": "ՓԱԿԵԼ"
  }
}